{"cameraMode":{"drawMode":0,"name":"Shaded","section":"Shading Mode"},"sceneLighting":false,"audioPlay":false,"sceneViewState":{"showFog":true,"showMaterialUpdate":false,"showSkybox":true,"showFlares":true,"showImageEffects":true,"showParticleSystems":true},"in2DMode":false,"pivot":{"x":0.0006894469261169434,"y":-0.004511967301368713,"z":0.0},"rotation":{"x":-0.05037486180663109,"y":-0.007490034680813551,"z":0.0003765093279071152,"w":-0.9987022280693054},"size":3.3829898834228517,"orthographic":true}